,Feature,Label
0,IMIIIN,1
1,IWIIIN,1
2,FMCYMN,1
3,IMGIIA,1
4,IWIIIW,1
5,IWIIIA,1
6,IMCIEW,1
7,FMGYMF,1
8,VMGIMF,1
9,VWCIEW,1
10,FMGIIF,1
11,FMCSMF,1
12,IMGSMF,1
13,IMGIIN,1
14,VMGIIN,1
15,IMGSVF,1
16,VMGSVF,1
17,FMGSVF,1
18,VWEISMII,1
19,IWEISMII,1
20,FATAAAANNF,1
21,VWEIMII,1
22,FGDAAGANF,1
23,MMCISMIRT,1
24,VWEISMIT,1
25,FATAAGGNMF,1
26,FATAAAANF,1
27,MMCAAAGTT,1
28,FGDAAAAGTT,1
29,FGDAAAGNTT,1
30,FGDAAGGNTT,1
31,FATAAAANNT,1
32,FATAAAAGTT,1
33,FATAAGGNNW,1
34,VWAAAAGTT,1
35,FGDAAGGNRT,1
36,MMDAAGGNNF,1
37,FGDAAGGNNF,1
38,FGDAAGGNTI,1
39,FADAAGGNNF,1
40,FATAAGGNNF,1
41,FGDAAGGNTF,1
42,FGDAAGNTT,1
43,IMEISMII,1
44,MMCIGMMF,1
