,preds_Transformer,labels_Transformer,feature_Transformer,preds_RNN,labels_RNN,feature_RNN,preds_LSTM,labels_LSTM,feature_LSTM,preds_Bi-LSTM,labels_Bi-LSTM,feature_Bi-LSTM,preds_MLP,labels_MLP,feature_MLP
0,1,1,IMIIIN,1,1,IMIIIN,1,1,IMIIIN,1,1,IMIIIN,1,1,IMIIIN
1,1,1,IWIIIN,1,1,IWIIIN,1,1,IWIIIN,1,1,IWIIIN,1,1,IWIIIN
2,1,1,FMCYMN,1,1,FMCYMN,1,1,FMCYMN,1,1,FMCYMN,1,1,FMCYMN
3,1,1,IMGIIA,1,1,IMGIIA,1,1,IMGIIA,1,1,IMGIIA,1,1,IMGIIA
4,1,1,IWIIIW,1,1,IWIIIW,1,1,IWIIIW,1,1,IWIIIW,1,1,IWIIIW
5,1,1,IWIIIA,1,1,IWIIIA,1,1,IWIIIA,1,1,IWIIIA,1,1,IWIIIA
6,1,1,IMCIEW,1,1,IMCIEW,1,1,IMCIEW,1,1,IMCIEW,1,1,IMCIEW
7,1,1,FMGYMF,1,1,FMGYMF,1,1,FMGYMF,1,1,FMGYMF,1,1,FMGYMF
8,1,1,VMGIMF,1,1,VMGIMF,0,1,VMGIMF,1,1,VMGIMF,1,1,VMGIMF
9,0,1,VWCIEW,1,1,VWCIEW,1,1,VWCIEW,1,1,VWCIEW,0,1,VWCIEW
10,1,1,FMGIIF,1,1,FMGIIF,1,1,FMGIIF,1,1,FMGIIF,1,1,FMGIIF
11,1,1,FMCSMF,1,1,FMCSMF,1,1,FMCSMF,1,1,FMCSMF,1,1,FMCSMF
12,1,1,IMGSMF,1,1,IMGSMF,0,1,IMGSMF,1,1,IMGSMF,1,1,IMGSMF
13,1,1,IMGIIN,1,1,IMGIIN,1,1,IMGIIN,1,1,IMGIIN,1,1,IMGIIN
14,1,1,VMGIIN,1,1,VMGIIN,1,1,VMGIIN,1,1,VMGIIN,1,1,VMGIIN
15,1,1,IMGSVF,1,1,IMGSVF,1,1,IMGSVF,1,1,IMGSVF,1,1,IMGSVF
16,1,1,VMGSVF,1,1,VMGSVF,1,1,VMGSVF,1,1,VMGSVF,1,1,VMGSVF
17,1,1,FMGSVF,1,1,FMGSVF,1,1,FMGSVF,1,1,FMGSVF,1,1,FMGSVF
18,1,1,MMCAAAGTT,1,1,MMCAAAGTT,1,1,MMCAAAGTT,1,1,MMCAAAGTT,1,1,MMCAAAGTT
19,1,1,FGDAAAAGTT,1,1,FGDAAAAGTT,1,1,FGDAAAAGTT,1,1,FGDAAAAGTT,1,1,FGDAAAAGTT
20,1,1,FGDAAAGNTT,1,1,FGDAAAGNTT,1,1,FGDAAAGNTT,1,1,FGDAAAGNTT,1,1,FGDAAAGNTT
21,1,1,FGDAAGGNTT,1,1,FGDAAGGNTT,1,1,FGDAAGGNTT,1,1,FGDAAGGNTT,1,1,FGDAAGGNTT
22,1,1,FATAAAANNT,1,1,FATAAAANNT,1,1,FATAAAANNT,1,1,FATAAAANNT,1,1,FATAAAANNT
23,1,1,FATAAAAGTT,1,1,FATAAAAGTT,1,1,FATAAAAGTT,1,1,FATAAAAGTT,1,1,FATAAAAGTT
24,1,1,FATAAGGNNW,1,1,FATAAGGNNW,1,1,FATAAGGNNW,1,1,FATAAGGNNW,1,1,FATAAGGNNW
25,1,1,VWAAAAGTT,1,1,VWAAAAGTT,1,1,VWAAAAGTT,1,1,VWAAAAGTT,1,1,VWAAAAGTT
26,1,1,FGDAAGGNRT,1,1,FGDAAGGNRT,1,1,FGDAAGGNRT,1,1,FGDAAGGNRT,1,1,FGDAAGGNRT
27,1,1,MMDAAGGNNF,1,1,MMDAAGGNNF,1,1,MMDAAGGNNF,1,1,MMDAAGGNNF,1,1,MMDAAGGNNF
28,1,1,FGDAAGGNNF,1,1,FGDAAGGNNF,1,1,FGDAAGGNNF,1,1,FGDAAGGNNF,1,1,FGDAAGGNNF
29,1,1,FGDAAGGNTI,1,1,FGDAAGGNTI,1,1,FGDAAGGNTI,1,1,FGDAAGGNTI,1,1,FGDAAGGNTI
30,1,1,FADAAGGNNF,1,1,FADAAGGNNF,1,1,FADAAGGNNF,1,1,FADAAGGNNF,1,1,FADAAGGNNF
31,1,1,FATAAGGNNF,1,1,FATAAGGNNF,1,1,FATAAGGNNF,1,1,FATAAGGNNF,1,1,FATAAGGNNF
32,1,1,FGDAAGGNTF,1,1,FGDAAGGNTF,1,1,FGDAAGGNTF,1,1,FGDAAGGNTF,1,1,FGDAAGGNTF
33,1,1,FGDAAGNTT,1,1,FGDAAGNTT,1,1,FGDAAGNTT,1,1,FGDAAGNTT,1,1,FGDAAGNTT
34,1,1,IMEISMII,1,1,IMEISMII,1,1,IMEISMII,1,1,IMEISMII,1,1,IMEISMII
35,1,1,MMCIGMMF,1,1,MMCIGMMF,1,1,MMCIGMMF,1,1,MMCIGMMF,1,1,MMCIGMMF
36,1,1,VWEISMII,1,1,VWEISMII,1,1,VWEISMII,1,1,VWEISMII,1,1,VWEISMII
37,1,1,IWEISMII,1,1,IWEISMII,1,1,IWEISMII,1,1,IWEISMII,1,1,IWEISMII
38,1,1,FATAAAANNF,1,1,FATAAAANNF,1,1,FATAAAANNF,1,1,FATAAAANNF,1,1,FATAAAANNF
39,1,1,VWEIMII,1,1,VWEIMII,1,1,VWEIMII,1,1,VWEIMII,1,1,VWEIMII
40,1,1,FGDAAGANF,1,1,FGDAAGANF,1,1,FGDAAGANF,1,1,FGDAAGANF,1,1,FGDAAGANF
41,1,1,MMCISMIRT,1,1,MMCISMIRT,1,1,MMCISMIRT,1,1,MMCISMIRT,1,1,MMCISMIRT
42,1,1,VWEISMIT,1,1,VWEISMIT,1,1,VWEISMIT,1,1,VWEISMIT,1,1,VWEISMIT
43,1,1,FATAAGGNMF,1,1,FATAAGGNMF,1,1,FATAAGGNMF,1,1,FATAAGGNMF,1,1,FATAAGGNMF
44,1,1,FATAAAANF,1,1,FATAAAANF,1,1,FATAAAANF,1,1,FATAAAANF,1,1,FATAAAANF
